Tổng số lượng BC cảnh báo,"Logic: 
- %GTC của 7 ngày gần nhất
- HN và HCM lấy full hàng mới và hàng tồn
- Các tỉnh khác lấy hàng mới ca 1 + tồn

- Nếu HCM và HN < 50% => Cảnh báo
- Nếu các tỉnh khác < 45% => Cảnh báo
- Nếu %GTC < 70% Mốc %GTC tốt nhất trong lịch sử => Cảnh báo",,,,,,,,,,,,,,,,,,,,,,,,,,,,,
6,,,,,,,,,,,,,,,,,,,,,,,,,,,,,,
,,,,,,,,,,,,,,,,,,,,,,,,,,,,,,
,,,,,,,10/9/2026,,10/8/2026,,06/10/2026,,,,09/10/2026,,,,,,,,Thời gian cập nhật 11/10/2026 07:00:20,,,,,,,
Vùng,Tỉnh,ID Bưu cục,Tên Bưu cục,%GTC_TB 7 ngày (1),%GTC_tốt nhất (6 tháng gần nhất. Số tính theo tuần) (2),%Tỷ trọng (1)/(2),%GTC_N-1,VolGTC_N-1,%GTC_N-2,VolGTC_N-2,%GTC_N-3,VolGTC_N-3,Tỷ trọng vol cần giao / toàn quốc ngày N-1,VolGTC_TB 7 ngày,"Tổng Vol cần giao
(3) + (4)","Vol_Tồn
(3)","Vol_Mới
(4)",Cảnh báo,Số ngày nằm trong danh sách cảnh báo - 3 tháng gần nhất,Số ngày dự kiến clear hàng,Số lượng nhân sự có gán đơn giao N-1,Điều tiết hàng (Giới hạn hàng về bưu cục),Backlog tồn đọng,%Backlog tồn đọng đã gán,Backlog >5 ngày,%FD_N-1 (ALL KH),%OntimeSLA_N-1 (TTS),%OPR_N-1 (TTS),%VolGTC <24h_N-1 (TTS),Volume tạo mới_N-1 (ALL KH)
NTB,Lâm Đồng,22389000,(LDO) Đức Trọng 1,25.16%,60.42%,41.63%,33.89%,44600.00%,28.56%,365,0.2403508772,274,0,283,1316,855,461,Cảnh báo GTC < 45%,91,5,,,1053,0.00%,140,,,93.44%,,
NTB,Lâm Đồng,22051000,(LDO) Lang Biang - Đà Lạt 1,32.43%,48.04%,67.51%,36.36%,31200.00%,37.15%,308,0.343487395,327,0,259,858,246,612,Cảnh báo GTC < 45%,91,3,,,508,0.00%,2,,,100.00%,,
NTB,Bình Thuận,22452000,(BTH) Phú Quý,33.76%,88.55%,38.13%,9.09%,100.00%,28.00%,7,0.2857142857,6,0,8,11,11,0,Cảnh báo GTC < 45%,13,1,,,51,0.00%,1,,,,,
NTB,Khánh Hòa,21479000,(KHO) Bắc Cam Ranh,40.24%,67.58%,59.55%,36.50%,33000.00%,43.32%,415,0.425,374,0,358,904,611,293,Cảnh báo GTC < 45%,43,3,,,650,0.00%,27,,,,,
NTB,Lâm Đồng,22425000,(LDO) Tân Hà Lâm Hà,43.95%,49.67%,88.48%,46.79%,45200.00%,45.78%,380,0.4236686391,358,0,327,966,454,512,Cảnh báo GTC < 45%,69,3,,,1069,0.00%,54,,,,,
NTB,Lâm Đồng,21377000,(LDO) Đơn Dương,45.33%,65.83%,68.86%,48.93%,32100.00%,45.53%,265,0.4444444444,240,0,297,656,251,405,Cảnh báo GTC < 70% lịch sử tốt nhất,48,2,,,673,0.00%,39,,,25.00%,,